{"name":"OnlineTaskManagementSystem","classpathEntries":[{"kind":"binary","path":"C:\\Program Files\\Java\\jdk1.8.0_251\\jre\\lib\\resources.jar","javadocContainerUrl":"https://docs.oracle.com/javase/1/docs/api/","isSystem":true,"isOwn":false,"isTest":false,"isJavaContent":false},{"kind":"binary","path":"C:\\Program Files\\Java\\jdk1.8.0_251\\jre\\lib\\rt.jar","javadocContainerUrl":"https://docs.oracle.com/javase/1/docs/api/","isSystem":true,"isOwn":false,"isTest":false,"isJavaContent":false},{"kind":"binary","path":"C:\\Program Files\\Java\\jdk1.8.0_251\\jre\\lib\\jsse.jar","javadocContainerUrl":"https://docs.oracle.com/javase/1/docs/api/","isSystem":true,"isOwn":false,"isTest":false,"isJavaContent":false},{"kind":"binary","path":"C:\\Program Files\\Java\\jdk1.8.0_251\\jre\\lib\\jce.jar","javadocContainerUrl":"https://docs.oracle.com/javase/1/docs/api/","isSystem":true,"isOwn":false,"isTest":false,"isJavaContent":false},{"kind":"binary","path":"C:\\Program Files\\Java\\jdk1.8.0_251\\jre\\lib\\charsets.jar","javadocContainerUrl":"https://docs.oracle.com/javase/1/docs/api/","isSystem":true,"isOwn":false,"isTest":false,"isJavaContent":false},{"kind":"binary","path":"C:\\Program Files\\Java\\jdk1.8.0_251\\jre\\lib\\jfr.jar","javadocContainerUrl":"https://docs.oracle.com/javase/1/docs/api/","isSystem":true,"isOwn":false,"isTest":false,"isJavaContent":false},{"kind":"binary","path":"C:\\Users\\Shree\\.m2\\repository\\org\\hibernate\\validator\\hibernate-validator\\6.0.13.Final\\hibernate-validator-6.0.13.Final.jar","sourceContainerUrl":"file:/C:/Users/Shree/.m2/repository/org/hibernate/validator/hibernate-validator/6.0.13.Final/hibernate-validator-6.0.13.Final-sources.jar","isSystem":false,"isOwn":false,"isTest":false,"isJavaContent":false},{"kind":"binary","path":"C:\\Users\\Shree\\.m2\\repository\\javax\\validation\\validation-api\\2.0.1.Final\\validation-api-2.0.1.Final.jar","sourceContainerUrl":"file:/C:/Users/Shree/.m2/repository/javax/validation/validation-api/2.0.1.Final/validation-api-2.0.1.Final-sources.jar","javadocContainerUrl":"file:/C:/Users/Shree/.m2/repository/javax/validation/validation-api/2.0.1.Final/validation-api-2.0.1.Final-javadoc.jar","isSystem":false,"isOwn":false,"isTest":false,"isJavaContent":false},{"kind":"binary","path":"C:\\Users\\Shree\\.m2\\repository\\org\\jboss\\logging\\jboss-logging\\3.3.2.Final\\jboss-logging-3.3.2.Final.jar","sourceContainerUrl":"file:/C:/Users/Shree/.m2/repository/org/jboss/logging/jboss-logging/3.3.2.Final/jboss-logging-3.3.2.Final-sources.jar","javadocContainerUrl":"file:/C:/Users/Shree/.m2/repository/org/jboss/logging/jboss-logging/3.3.2.Final/jboss-logging-3.3.2.Final-javadoc.jar","isSystem":false,"isOwn":false,"isTest":false,"isJavaContent":false},{"kind":"binary","path":"C:\\Users\\Shree\\.m2\\repository\\com\\fasterxml\\classmate\\1.3.4\\classmate-1.3.4.jar","sourceContainerUrl":"file:/C:/Users/Shree/.m2/repository/com/fasterxml/classmate/1.3.4/classmate-1.3.4-sources.jar","javadocContainerUrl":"file:/C:/Users/Shree/.m2/repository/com/fasterxml/classmate/1.3.4/classmate-1.3.4-javadoc.jar","isSystem":false,"isOwn":false,"isTest":false,"isJavaContent":false},{"kind":"binary","path":"C:\\Users\\Shree\\.m2\\repository\\javax\\mail\\mail\\1.4.1\\mail-1.4.1.jar","sourceContainerUrl":"file:/C:/Users/Shree/.m2/repository/javax/mail/mail/1.4.1/mail-1.4.1-sources.jar","isSystem":false,"isOwn":false,"isTest":false,"isJavaContent":false},{"kind":"binary","path":"C:\\Users\\Shree\\.m2\\repository\\javax\\activation\\activation\\1.1\\activation-1.1.jar","sourceContainerUrl":"file:/C:/Users/Shree/.m2/repository/javax/activation/activation/1.1/activation-1.1-sources.jar","isSystem":false,"isOwn":false,"isTest":false,"isJavaContent":false},{"kind":"binary","path":"C:\\Users\\Shree\\.m2\\repository\\org\\springframework\\spring-webmvc\\5.1.1.RELEASE\\spring-webmvc-5.1.1.RELEASE.jar","sourceContainerUrl":"file:/C:/Users/Shree/.m2/repository/org/springframework/spring-webmvc/5.1.1.RELEASE/spring-webmvc-5.1.1.RELEASE-sources.jar","javadocContainerUrl":"file:/C:/Users/Shree/.m2/repository/org/springframework/spring-webmvc/5.1.1.RELEASE/spring-webmvc-5.1.1.RELEASE-javadoc.jar","isSystem":false,"isOwn":false,"isTest":false,"isJavaContent":false},{"kind":"binary","path":"C:\\Users\\Shree\\.m2\\repository\\org\\springframework\\spring-aop\\5.1.1.RELEASE\\spring-aop-5.1.1.RELEASE.jar","sourceContainerUrl":"file:/C:/Users/Shree/.m2/repository/org/springframework/spring-aop/5.1.1.RELEASE/spring-aop-5.1.1.RELEASE-sources.jar","javadocContainerUrl":"file:/C:/Users/Shree/.m2/repository/org/springframework/spring-aop/5.1.1.RELEASE/spring-aop-5.1.1.RELEASE-javadoc.jar","isSystem":false,"isOwn":false,"isTest":false,"isJavaContent":false},{"kind":"binary","path":"C:\\Users\\Shree\\.m2\\repository\\org\\springframework\\spring-beans\\5.1.1.RELEASE\\spring-beans-5.1.1.RELEASE.jar","sourceContainerUrl":"file:/C:/Users/Shree/.m2/repository/org/springframework/spring-beans/5.1.1.RELEASE/spring-beans-5.1.1.RELEASE-sources.jar","javadocContainerUrl":"file:/C:/Users/Shree/.m2/repository/org/springframework/spring-beans/5.1.1.RELEASE/spring-beans-5.1.1.RELEASE-javadoc.jar","isSystem":false,"isOwn":false,"isTest":false,"isJavaContent":false},{"kind":"binary","path":"C:\\Users\\Shree\\.m2\\repository\\org\\springframework\\spring-context\\5.1.1.RELEASE\\spring-context-5.1.1.RELEASE.jar","sourceContainerUrl":"file:/C:/Users/Shree/.m2/repository/org/springframework/spring-context/5.1.1.RELEASE/spring-context-5.1.1.RELEASE-sources.jar","javadocContainerUrl":"file:/C:/Users/Shree/.m2/repository/org/springframework/spring-context/5.1.1.RELEASE/spring-context-5.1.1.RELEASE-javadoc.jar","isSystem":false,"isOwn":false,"isTest":false,"isJavaContent":false},{"kind":"binary","path":"C:\\Users\\Shree\\.m2\\repository\\org\\springframework\\spring-core\\5.1.1.RELEASE\\spring-core-5.1.1.RELEASE.jar","sourceContainerUrl":"file:/C:/Users/Shree/.m2/repository/org/springframework/spring-core/5.1.1.RELEASE/spring-core-5.1.1.RELEASE-sources.jar","javadocContainerUrl":"file:/C:/Users/Shree/.m2/repository/org/springframework/spring-core/5.1.1.RELEASE/spring-core-5.1.1.RELEASE-javadoc.jar","isSystem":false,"isOwn":false,"isTest":false,"isJavaContent":false},{"kind":"binary","path":"C:\\Users\\Shree\\.m2\\repository\\org\\springframework\\spring-jcl\\5.1.1.RELEASE\\spring-jcl-5.1.1.RELEASE.jar","sourceContainerUrl":"file:/C:/Users/Shree/.m2/repository/org/springframework/spring-jcl/5.1.1.RELEASE/spring-jcl-5.1.1.RELEASE-sources.jar","javadocContainerUrl":"file:/C:/Users/Shree/.m2/repository/org/springframework/spring-jcl/5.1.1.RELEASE/spring-jcl-5.1.1.RELEASE-javadoc.jar","isSystem":false,"isOwn":false,"isTest":false,"isJavaContent":false},{"kind":"binary","path":"C:\\Users\\Shree\\.m2\\repository\\org\\springframework\\spring-expression\\5.1.1.RELEASE\\spring-expression-5.1.1.RELEASE.jar","sourceContainerUrl":"file:/C:/Users/Shree/.m2/repository/org/springframework/spring-expression/5.1.1.RELEASE/spring-expression-5.1.1.RELEASE-sources.jar","javadocContainerUrl":"file:/C:/Users/Shree/.m2/repository/org/springframework/spring-expression/5.1.1.RELEASE/spring-expression-5.1.1.RELEASE-javadoc.jar","isSystem":false,"isOwn":false,"isTest":false,"isJavaContent":false},{"kind":"binary","path":"C:\\Users\\Shree\\.m2\\repository\\org\\springframework\\spring-web\\5.1.1.RELEASE\\spring-web-5.1.1.RELEASE.jar","sourceContainerUrl":"file:/C:/Users/Shree/.m2/repository/org/springframework/spring-web/5.1.1.RELEASE/spring-web-5.1.1.RELEASE-sources.jar","javadocContainerUrl":"file:/C:/Users/Shree/.m2/repository/org/springframework/spring-web/5.1.1.RELEASE/spring-web-5.1.1.RELEASE-javadoc.jar","isSystem":false,"isOwn":false,"isTest":false,"isJavaContent":false},{"kind":"binary","path":"C:\\Users\\Shree\\.m2\\repository\\javax\\servlet\\servlet-api\\3.0-alpha-1\\servlet-api-3.0-alpha-1.jar","sourceContainerUrl":"file:/C:/Users/Shree/.m2/repository/javax/servlet/servlet-api/3.0-alpha-1/servlet-api-3.0-alpha-1-sources.jar","javadocContainerUrl":"file:/C:/Users/Shree/.m2/repository/javax/servlet/servlet-api/3.0-alpha-1/servlet-api-3.0-alpha-1-javadoc.jar","isSystem":false,"isOwn":false,"isTest":false,"isJavaContent":false},{"kind":"binary","path":"C:\\Users\\Shree\\.m2\\repository\\mysql\\mysql-connector-java\\5.1.6\\mysql-connector-java-5.1.6.jar","isSystem":false,"isOwn":false,"isTest":false,"isJavaContent":false},{"kind":"binary","path":"C:\\Users\\Shree\\.m2\\repository\\org\\springframework\\spring-jdbc\\4.1.6.RELEASE\\spring-jdbc-4.1.6.RELEASE.jar","sourceContainerUrl":"file:/C:/Users/Shree/.m2/repository/org/springframework/spring-jdbc/4.1.6.RELEASE/spring-jdbc-4.1.6.RELEASE-sources.jar","javadocContainerUrl":"file:/C:/Users/Shree/.m2/repository/org/springframework/spring-jdbc/4.1.6.RELEASE/spring-jdbc-4.1.6.RELEASE-javadoc.jar","isSystem":false,"isOwn":false,"isTest":false,"isJavaContent":false},{"kind":"binary","path":"C:\\Users\\Shree\\.m2\\repository\\org\\springframework\\spring-tx\\4.1.6.RELEASE\\spring-tx-4.1.6.RELEASE.jar","sourceContainerUrl":"file:/C:/Users/Shree/.m2/repository/org/springframework/spring-tx/4.1.6.RELEASE/spring-tx-4.1.6.RELEASE-sources.jar","javadocContainerUrl":"file:/C:/Users/Shree/.m2/repository/org/springframework/spring-tx/4.1.6.RELEASE/spring-tx-4.1.6.RELEASE-javadoc.jar","isSystem":false,"isOwn":false,"isTest":false,"isJavaContent":false},{"kind":"binary","path":"C:\\Users\\Shree\\.m2\\repository\\junit\\junit\\3.8.1\\junit-3.8.1.jar","sourceContainerUrl":"file:/C:/Users/Shree/.m2/repository/junit/junit/3.8.1/junit-3.8.1-sources.jar","isSystem":false,"isOwn":false,"isTest":false,"isJavaContent":false},{"kind":"binary","path":"C:\\Users\\Shree\\.m2\\repository\\jstl\\jstl\\1.2\\jstl-1.2.jar","isSystem":false,"isOwn":false,"isTest":false,"isJavaContent":false},{"kind":"source","path":"F:\\OnlineTaskManagementSystem\\OnlineTaskManagementSystem\\src\\main\\java","outputFolder":"F:\\OnlineTaskManagementSystem\\OnlineTaskManagementSystem\\target\\classes","javadocContainerUrl":"file:/F:/OnlineTaskManagementSystem/OnlineTaskManagementSystem/target/site/apidocs","isSystem":false,"isOwn":true,"isTest":false,"isJavaContent":true},{"kind":"source","path":"F:\\OnlineTaskManagementSystem\\OnlineTaskManagementSystem\\src\\test\\java","outputFolder":"F:\\OnlineTaskManagementSystem\\OnlineTaskManagementSystem\\target\\test-classes","javadocContainerUrl":"file:/F:/OnlineTaskManagementSystem/OnlineTaskManagementSystem/target/site/apidocs","isSystem":false,"isOwn":true,"isTest":true,"isJavaContent":true},{"kind":"source","path":"F:\\OnlineTaskManagementSystem\\OnlineTaskManagementSystem\\src\\main\\resources","outputFolder":"F:\\OnlineTaskManagementSystem\\OnlineTaskManagementSystem\\target\\classes","isSystem":false,"isOwn":true,"isTest":false,"isJavaContent":false},{"kind":"source","path":"F:\\OnlineTaskManagementSystem\\OnlineTaskManagementSystem\\src\\test\\resources","outputFolder":"F:\\OnlineTaskManagementSystem\\OnlineTaskManagementSystem\\target\\test-classes","isSystem":false,"isOwn":true,"isTest":true,"isJavaContent":false},{"kind":"source","path":"F:\\OnlineTaskManagementSystem\\OnlineTaskManagementSystem\\src\\test\\java","outputFolder":"F:\\OnlineTaskManagementSystem\\OnlineTaskManagementSystem\\target\\test-classes","javadocContainerUrl":"file:/F:/OnlineTaskManagementSystem/OnlineTaskManagementSystem/target/site/apidocs","isSystem":false,"isOwn":true,"isTest":false,"isJavaContent":false}]}