<?xml version="1.0" encoding="UTF-8"?>
<beans xmlns="http://www.springframework.org/schema/beans"
	xmlns:xsi="http://www.w3.org/2001/XMLSchema-instance"
	xmlns:context="http://www.springframework.org/schema/context"
	xmlns:mvc="http://www.springframework.org/schema/mvc"
	xsi:schemaLocation="  
        http://www.springframework.org/schema/beans  
        http://www.springframework.org/schema/beans/spring-beans.xsd  
        http://www.springframework.org/schema/context  
        http://www.springframework.org/schema/context/spring-context.xsd  
        http://www.springframework.org/schema/mvc  
        http://www.springframework.org/schema/mvc/spring-mvc.xsd">

	<!-- Provide support for component scanning -->
	<context:component-scan
		base-package="com.ProjectController" />

	<!--Provide support for conversion, formatting and validation -->
	<mvc:annotation-driven />
	<!-- Define Spring MVC view resolver -->
	<mvc:resources location="/resources/" mapping="/resources/**" />
	
	<bean id="viewResolver"
		class="org.springframework.web.servlet.view.InternalResourceViewResolver">
		<property name="prefix" value="/WEB-INF/jsp/"></property>
		<property name="suffix" value=".jsp"></property>
	</bean>
	<bean id="ds"
		class="org.springframework.jdbc.datasource.DriverManagerDataSource">
		<property name="driverClassName"
			value="oracle.jdbc.driver.OracleDriver"></property>
		<property name="url"
			value="jdbc:oracle:thin:@localhost:1521:xe"></property>
		<property name="username" value="system"></property>
		<property name="password" value="system"></property>
	</bean>

	<bean id="jt" class="org.springframework.jdbc.core.JdbcTemplate">
		<property name="dataSource" ref="ds"></property>
	</bean>

	<bean id="daoad" class="com.projectDao.AdminDaoImpl">
		<property name="template" ref="jt"></property>
	</bean>
	<bean id="dao" class="com.projectDao.AddDeveloperImpl">
		<property name="template" ref="jt"></property>
	</bean>
	<bean id="daotask" class="com.projectDao.TaskAssignImpl">
		<property name="template1" ref="jt"></property>
	</bean>
	<bean id="showtask" class="com.projectDao.DeveloperSubmitTaskImpl">
		<property name="template2" ref="jt"></property>
	</bean>
	<bean id="showtaskcomp" class="com.projectDao.ShowTaskCompletedImpl">
		<property name="template3" ref="jt"></property>
	</bean>
	<bean id="showtaskhome" class="com.projectDao.HomeDaoImpl">
		<property name="template4" ref="jt"></property>
	</bean>
	



</beans>